site_id,grid_id,i,j,central_area,net_pv_capacity
1,E,43,72,1600.993,0.14408937
2,E,43,73,58791.551,5.29123959
3,E,43,74,187234.861,16.85113749
4,E,43,75,479059.0575,43.11531518
5,E,43,76,357075.7163,32.13681447
6,E,43,77,314.441,0.02829969
7,E,44,72,169917.2965,15.29255669
8,E,44,75,134228.3803,12.08055423
9,E,44,76,183055.4709,16.47499238
10,E,45,70,8461.004,0.76149036
11,E,45,71,394191.3761,35.47722385
12,E,45,72,272506.266,24.52556394
13,E,45,73,1914.2955,0.172286595
14,E,45,75,15439.529,1.38955761
15,E,45,83,177804.7772,16.00242995
16,E,45,84,175898.9969,15.83090972
17,E,46,70,495113.915,44.56025235
18,E,46,71,685716.677,61.71450093
19,E,46,72,25110.39239,2.259935315
20,E,46,73,33873.594,3.04862346
21,E,46,82,1359.553145,0.122359783
22,E,46,83,694951.2355,62.54561119
23,E,46,84,275881.3953,24.82932558
24,E,47,69,61334.43129,5.520098816
25,E,47,70,537738.7447,48.39648702
26,E,47,72,30344.232,2.73098088
27,E,47,73,280425.5694,25.23830124
28,E,47,74,5411.175,0.48700575
29,E,47,82,167520.776,15.07686984
30,E,47,83,961178.4519,86.50606067
31,E,47,84,268785.5327,24.19069794
32,E,48,67,298.97,0.0269073
33,E,48,69,604163.2975,54.37469678
34,E,48,70,679104.4375,61.11939937
35,E,48,71,131352.069,11.82168621
36,E,48,73,6736.443629,0.606279927
37,E,48,80,4200,0.378
38,E,48,82,571425.7844,51.4283206
39,E,48,83,984673.1409,88.62058268
40,E,48,84,174280.476,15.68524284
41,E,49,64,4144.394,0.37299546
42,E,49,65,468669.1818,42.18022636
43,E,49,66,572324.7097,51.50922388
44,E,49,67,284234.344,25.58109096
45,E,49,68,357104.8008,32.13943208
46,E,49,69,513990.1818,46.25911636
47,E,49,70,874844.0011,78.7359601
48,E,49,71,292257.6041,26.30318437
49,E,49,72,400,0.036
50,E,49,81,336.997,0.03032973
51,E,49,82,673362.8641,60.60265777
52,E,49,83,989805.6783,89.08251104
53,E,49,84,126277.4987,11.36497489
54,E,50,63,39559.70977,3.560373879
55,E,50,64,220403.5351,19.83631816
56,E,50,65,855500.7726,76.99506954
57,E,50,66,370947.1309,33.38524179
58,E,50,67,32688.92,2.9420028
59,E,50,68,879468.8576,79.15219719
60,E,50,69,778748.4614,70.08736153
61,E,50,70,633472.19,57.0124971
62,E,50,71,872934.3884,78.56409496
63,E,50,72,323773.5565,29.13962008
64,E,50,73,15162.8269,1.364654421
65,E,50,81,2871.251975,0.258412678
66,E,50,82,759786.7676,68.38080908
67,E,50,83,984681.3325,88.62131993
68,E,50,84,137645.8286,12.38812457
69,E,51,62,68162.78616,6.134650754
70,E,51,63,341365.4587,30.72289128
71,E,51,64,610951.5382,54.98563844
72,E,51,65,676348.574,60.87137166
73,E,51,68,432144.0486,38.89296437
74,E,51,69,948048.3131,85.32434818
75,E,51,70,312183.182,28.09648638
76,E,51,71,375838.3874,33.82545486
77,E,51,72,421073.5261,37.89661735
78,E,51,73,2197.431655,0.197768849
79,E,51,79,1000,0.09
80,E,51,80,20828.66,1.8745794
81,E,51,81,254238.6305,22.88147675
82,E,51,82,930381.5933,83.7343434
83,E,51,83,984685.5612,88.6217005
84,E,51,84,174298.7924,15.68689132
85,E,52,61,73074.426,6.57669834
86,E,52,62,81069.32451,7.296239206
87,E,52,63,503040.1702,45.27361532
88,E,52,64,462553.0986,41.62977887
89,E,52,65,716218.578,64.45967202
90,E,52,66,110176.1081,9.915849733
91,E,52,68,46498.79803,4.184891822
92,E,52,69,59409.91405,5.346892265
93,E,52,71,12248.0675,1.102326075
94,E,52,80,13064.62246,1.175816022
95,E,52,81,449092.5743,40.41833169
96,E,52,82,884775.98,79.6298382
97,E,52,83,984689.8478,88.6220863
98,E,52,84,317868.9865,28.60820879
99,E,53,58,12529.285,1.12763565
100,E,53,60,6713.0745,0.604176705
101,E,53,61,202759.2705,18.24833434
102,E,53,62,84525.731,7.60731579
103,E,53,63,9843.628,0.88592652
104,E,53,65,19796.9067,1.781721603
105,E,53,66,30106.67822,2.70960104
106,E,53,79,2191.3,0.197217
107,E,53,80,75426.25591,6.788363032
108,E,53,81,963143.8524,86.68294672
109,E,53,82,933394.7272,84.00552545
110,E,53,83,975452.4367,87.7907193
111,E,53,84,241253.512,21.71281608
112,E,54,57,72026.586,6.48239274
113,E,54,58,115452.587,10.39073283
114,E,54,60,6719.324134,0.604739172
115,E,54,61,6400,0.576
116,E,54,62,88985.187,8.00866683
117,E,54,63,344061.3372,30.96552035
118,E,54,64,108592.0415,9.773283737
119,E,54,79,300,0.027
120,E,54,80,79532.88176,7.157959359
121,E,54,81,719720.3709,64.77483338
122,E,54,82,496195.951,44.65763559
123,E,54,83,613214.2096,55.18927886
124,E,54,84,202769.9054,18.24929149
125,E,55,54,8202.76,0.7382484
126,E,55,56,10086.905,0.90782145
127,E,55,57,116552.0085,10.48968077
128,E,55,58,3200,0.288
129,E,55,59,16636.168,1.49725512
130,E,55,60,44844.50787,4.036005708
131,E,55,61,41000,3.69
132,E,55,62,19748.766,1.77738894
133,E,55,63,19999.85045,1.79998654
134,E,55,64,81022.04486,7.291984037
135,E,55,80,48949.202,4.40542818
136,E,55,81,909918.6423,81.89267781
137,E,55,82,815270.9305,73.37438375
138,E,55,83,832744.5141,74.94700627
139,E,55,84,591357.9475,53.22221527
140,E,55,85,1.250765059,0.000112569
141,E,56,54,17710.292,1.59392628
142,E,56,56,10771.632,0.96944688
143,E,56,57,40017.9025,3.601611225
144,E,56,60,40735.67,3.6662103
145,E,56,61,132862.816,11.95765344
146,E,56,79,20946.4715,1.885182435
147,E,56,80,463766.613,41.73899517
148,E,56,81,638048.0092,57.42432083
149,E,56,82,687097.4672,61.83877205
150,E,56,83,725184.9663,65.26664696
151,E,56,84,774507.0804,69.70563723
152,E,56,85,411432.8257,37.02895431
153,E,56,86,403215.4448,36.28939003
154,E,56,87,48084.6455,4.327618095
155,E,57,54,12970.0245,1.167302205
156,E,57,55,27429.30923,2.468637831
157,E,57,56,90446.37778,8.140174001
158,E,57,57,48127.36931,4.331463238
159,E,57,59,100,0.009
160,E,57,60,11000,0.99
161,E,57,61,6101.514,0.54913626
162,E,57,71,3900,0.351
163,E,57,77,9385.566,0.84470094
164,E,57,78,8767.854,0.78910686
165,E,57,79,184684.2117,16.62157905
166,E,57,80,603440.2587,54.30962328
167,E,57,81,475132.0667,42.76188601
168,E,57,82,758351.4981,68.25163483
169,E,57,83,593661.9221,53.42957299
170,E,57,84,597067.4675,53.73607207
171,E,57,85,734479.0166,66.10311149
172,E,57,86,857232.787,77.15095083
173,E,57,87,637275.7226,57.35481503
174,E,58,54,10939.8885,0.984589965
175,E,58,55,53887.37078,4.849863371
176,E,58,56,191549.7526,17.23947773
177,E,58,57,164656.7678,14.8191091
178,E,58,61,13500,1.215
179,E,58,62,700,0.063
180,E,58,63,100,0.009
181,E,58,65,200,0.018
182,E,58,71,11074.263,0.99668367
183,E,58,72,265329.835,23.87968515
184,E,58,73,171102.763,15.39924867
185,E,58,77,16330.26163,1.469723546
186,E,58,78,240302.4241,21.62721817
187,E,58,79,643308.0004,57.89772004
188,E,58,80,529571.0807,47.66139727
189,E,58,81,527644.9012,47.4880411
190,E,58,82,902932.6942,81.26394247
191,E,58,83,331339.2645,29.82053381
192,E,58,84,673201.3954,60.58812559
193,E,58,85,557309.8738,50.15788865
194,E,58,86,922892.1503,83.06029352
195,E,58,87,697147.2041,62.74324836
196,E,58,88,371333.115,33.41998035
197,E,59,55,43291.2332,3.896210988
198,E,59,56,157721.2496,14.19491247
199,E,59,57,288243.9235,25.94195311
200,E,59,58,117232.8158,10.55095342
201,E,59,59,53885.93633,4.84973427
202,E,59,61,78895.9595,7.100636355
203,E,59,62,13969.3215,1.257238935
204,E,59,63,22897.87455,2.060808709
205,E,59,64,59410.84918,5.346976426
206,E,59,65,216238.9881,19.46150893
207,E,59,66,147999.6624,13.31996961
208,E,59,67,261152.4485,23.50372037
209,E,59,68,195237.0251,17.57133226
210,E,59,69,139584.6855,12.56262169
211,E,59,70,1800,0.162
212,E,59,71,33364.6955,3.002822595
213,E,59,72,399854.5622,35.9869106
214,E,59,73,377493.9478,33.9744553
215,E,59,76,288384.9592,25.95464633
216,E,59,77,867307.7363,78.05769627
217,E,59,78,954622.484,85.91602356
218,E,59,79,475623.1943,42.80608749
219,E,59,80,703741.3467,63.33672121
220,E,59,81,559631.3243,50.36681919
221,E,59,82,560128.0905,50.41152815
222,E,59,83,345315.5522,31.0783997
223,E,59,84,452367.8833,40.7131095
224,E,59,85,604113.864,54.37024776
225,E,59,86,893484.8304,80.41363474
226,E,59,87,594873.4783,53.53861305
227,E,59,88,497752.5487,44.79772939
228,E,59,89,199777.2368,17.97995131
229,E,60,55,44454.84949,4.000936454
230,E,60,56,87.30417936,0.007857376
231,E,60,57,10148.2295,0.913340655
232,E,60,58,222056.8694,19.98511825
233,E,60,59,257290.2039,23.15611835
234,E,60,60,361129.0243,32.50161219
235,E,60,61,123996.6164,11.15969548
236,E,60,62,452305.3005,40.70747704
237,E,60,63,465908.4763,41.93176287
238,E,60,64,712394.9169,64.11554252
239,E,60,65,507181.364,45.64632276
240,E,60,66,653208.0726,58.78872654
241,E,60,67,686017.8243,61.74160418
242,E,60,68,699431.2068,62.94880861
243,E,60,69,778524.3017,70.06718715
244,E,60,70,729296.1956,65.6366576
245,E,60,71,906160.4106,81.55443696
246,E,60,72,802805.1114,72.25246003
247,E,60,73,220461.5393,19.84153854
248,E,60,76,665195.5675,59.86760108
249,E,60,77,958411.5337,86.25703803
250,E,60,78,446555.539,40.18999851
251,E,60,79,803890.7446,72.35016702
252,E,60,80,811298.3328,73.01684995
253,E,60,81,734510.1246,66.10591121
254,E,60,82,456814.6397,41.11331757
255,E,60,83,435712.0342,39.21408308
256,E,60,84,594359.5726,53.49236153
257,E,60,85,578725.3525,52.08528172
258,E,60,86,701197.2117,63.10774906
259,E,60,87,714127.6912,64.27149221
260,E,60,88,717104.1613,64.53937452
261,E,60,89,554934.0225,49.94406202
262,E,60,90,284856.6986,25.63710287
263,E,60,91,4215.74679,0.379417211
264,E,60,92,603.0465466,0.054274189
265,E,61,55,13500.566,1.21505094
266,E,61,56,300251.3227,27.02261904
267,E,61,57,462868.5755,41.6581718
268,E,61,59,487586.0644,43.8827458
269,E,61,60,979889.6462,88.19006816
270,E,61,61,746452.1909,67.18069718
271,E,61,62,403366.0182,36.30294163
272,E,61,63,705846.6023,63.5261942
273,E,61,64,951600.474,85.64404266
274,E,61,65,575184.641,51.76661769
275,E,61,66,870019.0559,78.30171503
276,E,61,67,741221.5665,66.70994098
277,E,61,68,685566.3687,61.70097318
278,E,61,69,874056.9704,78.66512734
279,E,61,70,699263.863,62.93374767
280,E,61,71,985441.0954,88.68969859
281,E,61,72,700986.4227,63.08877804
282,E,61,73,65106.748,5.85960732
283,E,61,75,160282.6866,14.42544179
284,E,61,76,891812.1194,80.26309075
285,E,61,77,752016.5166,67.68148649
286,E,61,78,877947.027,79.01523243
287,E,61,79,984967.6433,88.6470879
288,E,61,80,951846.5961,85.66619365
289,E,61,81,470397.9444,42.335815
290,E,61,82,661766.7683,59.55900915
291,E,61,83,721316.4316,64.91847884
292,E,61,84,578540.9566,52.06868609
293,E,61,85,622222.701,56.00004309
294,E,61,86,535990.5275,48.23914747
295,E,61,87,539792.725,48.58134525
296,E,61,88,614920.8292,55.34287463
297,E,61,89,592509.1744,53.3258257
298,E,61,90,173582.3485,15.62241137
299,E,61,91,377011.1099,33.93099989
300,E,61,92,317233.0103,28.55097093
301,E,61,93,105429.0285,9.488612565
302,E,62,56,615223.9862,55.37015876
303,E,62,57,859117.5025,77.32057522
304,E,62,58,788729.5463,70.98565917
305,E,62,59,964052.0345,86.76468311
306,E,62,60,982430.3922,88.4187353
307,E,62,61,754592.6584,67.91333925
308,E,62,62,687648.1815,61.88833633
309,E,62,63,830921.4853,74.78293368
310,E,62,64,620952.9231,55.88576308
311,E,62,65,929548.6652,83.65937987
312,E,62,66,985339.5737,88.68056164
313,E,62,67,654076.3244,58.8668692
314,E,62,68,544444.6192,49.00001573
315,E,62,69,582117.2481,52.39055233
316,E,62,70,653790.0333,58.841103
317,E,62,71,921167.072,82.90503648
318,E,62,72,128986.3314,11.60876983
319,E,62,74,60244.24672,5.421982205
320,E,62,75,854923.2934,76.9430964
321,E,62,76,983181.0194,88.48629175
322,E,62,77,568268.3499,51.14415149
323,E,62,78,967519.9112,87.07679201
324,E,62,79,990102.6067,89.1092346
325,E,62,80,963667.9684,86.73011715
326,E,62,81,245955.8858,22.13602972
327,E,62,82,549741.1529,49.47670376
328,E,62,83,467749.6168,42.09746552
329,E,62,84,99175.45864,8.925791278
330,E,62,85,341829.44,30.7646496
331,E,62,86,315899.5852,28.43096267
332,E,62,87,218859.0474,19.69731427
333,E,62,88,334465.564,30.10190076
334,E,62,89,151219.589,13.60976301
335,E,62,90,53147.07,4.7832363
336,E,62,91,647356.734,58.26210606
337,E,62,92,300412.6589,27.0371393
338,E,62,93,266758.574,24.00827166
339,E,62,94,67222.789,6.05005101
340,E,63,56,277194.4146,24.94749731
341,E,63,57,262876.8141,23.65891327
342,E,63,58,941846.9859,84.76622873
343,E,63,59,868755.9368,78.18803431
344,E,63,60,552470.7823,49.72237041
345,E,63,61,814030.9034,73.2627813
346,E,63,62,849767.469,76.47907221
347,E,63,63,420079.8876,37.80718988
348,E,63,64,97992.21601,8.819299441
349,E,63,65,529907.1634,47.69164471
350,E,63,66,923306.6613,83.09759952
351,E,63,67,304735.4993,27.42619493
352,E,63,68,548301.6168,49.34714552
353,E,63,69,792351.9892,71.31167903
354,E,63,70,789794.7184,71.08152466
355,E,63,71,302824.4037,27.25419634
356,E,63,74,49586.42276,4.462778048
357,E,63,75,709503.652,63.85532868
358,E,63,76,971527.1425,87.43744283
359,E,63,77,409516.855,36.85651695
360,E,63,78,972277.7955,87.50500159
361,E,63,79,958317.1428,86.24854286
362,E,63,80,271229.6285,24.41066657
363,E,63,81,355111.9805,31.96007824
364,E,63,82,296551.9565,26.68967609
365,E,63,83,184538.6153,16.60847538
366,E,63,84,57881.9335,5.209374015
367,E,63,85,357872.0539,32.20848485
368,E,63,86,225011.8493,20.25106644
369,E,63,87,58076.0765,5.226846885
370,E,63,88,87845.046,7.90605414
371,E,63,89,364.4945,0.032804505
372,E,63,90,100757.0467,9.0681342
373,E,63,91,309555.5999,27.86000399
374,E,63,92,146920.1245,13.2228112
375,E,63,93,224304.5492,20.18740943
376,E,63,94,270121.6157,24.31094541
377,E,63,95,27723.56,2.4951204
378,E,64,57,6465.5625,0.581900625
379,E,64,58,562781.3655,50.65032289
380,E,64,59,618087.5871,55.62788284
381,E,64,60,363666.2758,32.72996482
382,E,64,61,538631.7388,48.47685649
383,E,64,62,37303.76318,3.357338686
384,E,64,65,212198.8494,19.09789645
385,E,64,66,318014.4242,28.62129818
386,E,64,67,469296.8547,42.23671692
387,E,64,68,148334.8731,13.35013858
388,E,64,69,10201.1125,0.918100125
389,E,64,70,23007.609,2.07068481
390,E,64,71,47094.69345,4.23852241
391,E,64,72,286232.0924,25.76088831
392,E,64,73,669.3490436,0.060241414
393,E,64,75,266582.6581,23.99243923
394,E,64,76,558331.35,50.2498215
395,E,64,77,489672.8486,44.07055637
396,E,64,78,724476.8692,65.20291823
397,E,64,79,548458.1328,49.36123195
398,E,64,80,275654.4878,24.8089039
399,E,64,81,283764.0955,25.5387686
400,E,64,82,313914.2994,28.25228695
401,E,64,83,259211.578,23.32904202
402,E,64,84,5832.8,0.524952
403,E,64,85,99519.85875,8.956787287
404,E,64,86,140264.387,12.62379483
405,E,64,87,203542.667,18.31884003
406,E,64,88,326.7205,0.029404845
407,E,64,90,13820.36944,1.243833249
408,E,64,91,136352.5,12.271725
409,E,64,92,47241.412,4.25172708
410,E,64,93,272432.2749,24.51890474
411,E,64,94,323838.1047,29.14542942
412,E,64,95,215681.547,19.41133923
413,E,64,96,189795.402,17.08158618
414,E,65,55,300627.5248,27.05647723
415,E,65,56,103884.8958,9.349640619
416,E,65,58,115479.3746,10.39314371
417,E,65,59,64863.87765,5.837748989
418,E,65,60,149775.6225,13.47980602
419,E,65,63,69700,6.273
420,E,65,64,5552.824,0.49975416
421,E,65,65,500261.729,45.02355561
422,E,65,66,824292.1302,74.18629172
423,E,65,67,236126.5224,21.25138701
424,E,65,68,1398.844,0.12589596
425,E,65,70,399.574,0.03596166
426,E,65,71,460845.4406,41.47608965
427,E,65,72,316835.2446,28.51517202
428,E,65,73,512.0245527,0.04608221
429,E,65,75,1807.972,0.16271748
430,E,65,76,240250.7961,21.62257165
431,E,65,77,166413.5743,14.97722169
432,E,65,78,284479.9311,25.6031938
433,E,65,79,35686.12349,3.211751114
434,E,65,80,263777.5135,23.73997622
435,E,65,81,377653.4264,33.98880838
436,E,65,82,206259.9542,18.56339588
437,E,65,83,81011.649,7.29104841
438,E,65,85,118465.1755,10.66186579
439,E,65,86,41369.2725,3.723234525
440,E,65,87,1811.025,0.16299225
441,E,65,92,23359.8745,2.102388705
442,E,65,93,85311.2825,7.678015425
443,E,65,94,129041.5925,11.61374332
444,E,65,95,168082.201,15.12739809
445,E,65,96,529655.3384,47.66898046
446,E,65,97,32571.27123,2.931414411
447,E,66,55,409147.67,36.8232903
448,E,66,56,335177.6933,30.1659924
449,E,66,64,4687.416514,0.421867486
450,E,66,65,643756.5939,57.93809345
451,E,66,66,337391.6439,30.36524795
452,E,66,67,310281.6518,27.92534866
453,E,66,68,11354.72005,1.021924804
454,E,66,71,220889.5398,19.88005858
455,E,66,72,99951.99413,8.995679471
456,E,66,73,246411.998,22.17707982
457,E,66,75,26817.133,2.41354197
458,E,66,76,209992.7815,18.89935033
459,E,66,77,205791.5725,18.52124153
460,E,66,78,431422.0315,38.82798283
461,E,66,79,350339.0973,31.53051875
462,E,66,80,356818.2871,32.11364584
463,E,66,81,172825.4693,15.55429223
464,E,66,82,121183.3511,10.9065016
465,E,66,83,3200,0.288
466,E,66,85,5400,0.486
467,E,66,94,91299.871,8.21698839
468,E,66,95,212816.651,19.15349859
469,E,66,96,539500.1723,48.5550155
470,E,66,97,109707.9224,9.873713019
471,E,67,54,45430.86695,4.088778025
472,E,67,55,680295.7635,61.22661872
473,E,67,56,140365.5336,12.63289802
474,E,67,61,115327.456,10.37947104
475,E,67,63,187.935,0.01691415
476,E,67,64,13103.38165,1.179304349
477,E,67,65,210440.6779,18.93966101
478,E,67,66,70381.7147,6.334354323
479,E,67,67,713579.8676,64.22218808
480,E,67,68,683972.5761,61.55753185
481,E,67,69,133334.6737,12.00012063
482,E,67,70,60890.7385,5.480166465
483,E,67,71,97685.03,8.7916527
484,E,67,72,526.541,0.04738869
485,E,67,73,190461.583,17.14154247
486,E,67,74,410.169,0.03691521
487,E,67,77,100,0.009
488,E,67,78,216377.0936,19.47393842
489,E,67,79,252550.9348,22.72958414
490,E,67,80,108198.7259,9.737885332
491,E,67,81,133385.3799,12.00468419
492,E,67,82,39851.4018,3.586626162
493,E,67,93,800,0.072
494,E,67,94,89696.29203,8.072666283
495,E,67,95,364550.9464,32.80958518
496,E,67,96,455115.0305,40.96035274
497,E,67,97,221935.9794,19.97423815
498,E,68,54,105087.818,9.457903622
499,E,68,55,572737.9107,51.54641196
500,E,68,56,108044.3233,9.723989098
501,E,68,61,78072.544,7.02652896
502,E,68,62,154328.625,13.88957625
503,E,68,63,645701.531,58.11313779
504,E,68,64,365083.6116,32.85752504
505,E,68,65,147845.7979,13.30612181
506,E,68,66,449784.621,40.48061589
507,E,68,67,375230.0381,33.77070343
508,E,68,68,176247.0729,15.86223656
509,E,68,69,571910.374,51.47193366
510,E,68,70,212255.3336,19.10298002
511,E,68,71,65140.3915,5.862635235
512,E,68,72,2878.2045,0.259038405
513,E,68,73,8700,0.783
514,E,68,78,164643.8618,14.81794756
515,E,68,79,169036.7108,15.21330397
516,E,68,93,64988.24919,5.848942427
517,E,68,94,64558.23439,5.810241096
518,E,68,95,130631.633,11.75684697
519,E,68,96,317640.4141,28.58763726
520,E,68,97,355184.8941,31.96664046
521,E,68,98,400,0.036
522,E,69,61,39843.912,3.58595208
523,E,69,62,266373.4092,23.97360683
524,E,69,63,303703.7443,27.33333699
525,E,69,64,190124.1346,17.11117212
526,E,69,65,22142.71941,1.992844747
527,E,69,67,7465.04175,0.671853757
528,E,69,68,517765.6287,46.59890658
529,E,69,69,204471.2853,18.40241567
530,E,69,70,430677.6544,38.76098889
531,E,69,71,199015.5885,17.91140296
532,E,69,72,26005.9022,2.340531198
533,E,69,73,85738.77827,7.716490044
534,E,69,93,58207.48077,5.238673269
535,E,69,94,200647.7974,18.05830176
536,E,69,95,594184.8688,53.47663819
537,E,69,96,404094.5239,36.36850715
538,E,69,97,114885.3023,10.33967721
539,E,69,98,73420.2715,6.607824435
540,E,70,62,7960.523511,0.716447116
541,E,70,63,44717.19045,4.024547141
542,E,70,65,77490.455,6.97414095
543,E,70,66,503208.9759,45.28880783
544,E,70,67,95404.92818,8.586443536
545,E,70,68,299408.1078,26.94672971
546,E,70,69,209161.97,18.8245773
547,E,70,70,165321.2665,14.87891399
548,E,70,71,60514.4005,5.446296045
549,E,70,72,11281.75083,1.015357575
550,E,70,73,30992.3762,2.789313858
551,E,70,90,462.8865,0.041659785
552,E,70,91,5717.5435,0.514578915
553,E,70,92,59468.35161,5.352151645
554,E,70,93,80197.58753,7.217782878
555,E,70,94,224416.6097,20.19749487
556,E,70,95,642615.3664,57.83538298
557,E,70,96,768847.5064,69.19627558
558,E,70,97,816095.8767,73.44862891
559,E,70,98,557795.0004,50.20155004
560,E,71,62,11400,1.026
561,E,71,66,5775.485942,0.519793735
562,E,71,67,33676.08391,3.030847552
563,E,71,68,131960.4565,11.87644108
564,E,71,69,27592.375,2.48331375
565,E,71,70,1360.4775,0.122442975
566,E,71,71,42208.1885,3.798736965
567,E,71,72,609.8515,0.054886635
568,E,71,90,8414.4995,0.757304955
569,E,71,91,18462.9555,1.661665995
570,E,71,92,96517.1375,8.686542375
571,E,71,93,322261.7562,29.00355805
572,E,71,94,298701.7778,26.88316
573,E,71,95,960732.3138,86.46590824
574,E,71,96,964059.1405,86.76532264
575,E,71,97,666790.599,60.01115391
576,E,71,98,12501.84187,1.125165768
577,E,72,63,1498.769,0.13488921
578,E,72,67,1281.562276,0.115340605
579,E,72,68,67699.52575,6.092957317
580,E,72,69,3031.964736,0.272876826
581,E,72,70,3218.0525,0.289624725
582,E,72,90,13783.711,1.24053399
583,E,72,91,96312.0715,8.668086435
584,E,72,92,157330.598,14.15975382
585,E,72,93,521613.7507,46.94523756
586,E,72,94,333028.7483,29.97258735
587,E,72,95,584467.0063,52.60203056
588,E,72,96,287001.3941,25.83012547
589,E,72,97,12892.29951,1.160306956
590,E,73,62,52900,4.761
591,E,73,63,3101.231,0.27911079
592,E,73,68,6359.465948,0.572351935
593,E,73,69,1120.454521,0.100840907
594,E,73,89,5500,0.495
595,E,73,90,17274.97039,1.554747335
596,E,73,91,357675.0765,32.19075689
597,E,73,92,488032.2389,43.9229015
598,E,73,93,775030.7785,69.75277006
599,E,73,94,452557.403,40.73016627
600,E,73,95,256590.2121,23.09311909
601,E,73,96,101.8643064,0.009167788
602,E,74,63,3200,0.288
603,E,74,89,19394.88,1.7455392
604,E,74,90,302661.9806,27.23957825
605,E,74,91,352889.7441,31.76007697
606,E,74,92,453992.1664,40.85929498
607,E,74,93,133975.4506,12.05779055
608,E,75,87,108.152,0.00973368
609,E,75,88,173135.747,15.58221723
610,E,75,89,202955.369,18.26598321
611,E,75,90,347242.204,31.25179836
612,E,76,61,28576.8825,2.571919425
613,E,76,86,36204.7885,3.258430965
614,E,76,87,64330.123,5.78971107
615,E,76,88,89428.735,8.04858615
616,E,77,61,52923.1175,4.763080575
617,E,77,82,1908.256,0.17174304
618,E,77,85,353454.4296,31.81089866
619,E,77,86,589966.2264,53.09696038
620,E,77,87,25256.39,2.2730751
621,E,78,82,148917.6185,13.40258567
622,E,78,83,586862.6458,52.81763812
623,E,78,84,503705.9429,45.33353486
624,E,78,85,481338.6854,43.32048168
625,E,78,86,21148.08414,1.903327573
626,E,79,83,493359.8732,44.40238859
627,E,79,84,80095.133,7.20856197
628,E,80,73,25181.9195,2.266372755
629,E,80,82,4720.982,0.42488838
630,E,80,83,90988.6845,8.188981605
631,E,81,70,415.254,0.03737286
632,E,81,72,39074.34241,3.516690817
633,E,81,73,172177.2357,15.49595121
634,E,81,74,65885.0165,5.929651485
635,E,81,76,4754.616,0.42791544
636,E,81,77,16478.97015,1.483107313
637,E,81,81,1327.4955,0.119474595
638,E,82,68,4300,0.387
639,E,82,69,159693.5079,14.37241571
640,E,82,70,192379.4314,17.31414882
641,E,82,71,228536.3484,20.56827135
642,E,82,72,19315.61137,1.738405023
643,E,82,73,545864.862,49.12783758
644,E,82,74,467201.9688,42.04817719
645,E,82,75,264133.2795,23.77199515
646,E,82,76,261711.895,23.55407055
647,E,82,77,14349.89435,1.291490492
648,E,82,78,226495.7414,20.38461672
649,E,82,79,42539.64624,3.828568161
650,E,82,80,15547.509,1.39927581
651,E,82,81,32980.4665,2.968241985
652,E,83,67,10748.385,0.96735465
653,E,83,68,78471.9985,7.062479865
654,E,83,69,446543.9027,40.18895124
655,E,83,70,626807.8584,56.41270726
656,E,83,71,314175.5136,28.27579623
657,E,83,72,120675.8605,10.86082744
658,E,83,73,355345.2454,31.98107209
659,E,83,74,90163.91877,8.114752689
660,E,83,76,109782.74,9.8804466
661,E,83,77,53772.831,4.83955479
662,E,83,78,68421.27724,6.157914952
663,E,83,79,544880.6707,49.03926036
664,E,83,80,74178.329,6.67604961
665,E,84,68,102765.418,9.24888762
666,E,84,69,456389.9052,41.07509147
667,E,84,70,85888.47239,7.729962515
668,E,84,77,394466.542,35.50198878
669,E,84,78,209672.841,18.87055569
670,E,85,64,9132.9175,0.821962575
671,E,85,65,36060.396,3.24543564
672,E,85,66,54471.29,4.9024161
673,E,85,68,13603.279,1.22429511
674,E,86,63,70.5585,0.006350265
675,E,86,64,273614.362,24.62529258
676,E,86,65,378815.8663,34.09342797
677,E,86,66,153476.5165,13.81288649
678,E,87,63,27896.0265,2.510642385
679,E,87,64,166293.3899,14.96640509
680,E,87,65,22268.6768,2.004180912
681,E,87,66,3176.035,0.28584315
682,E,87,67,30323.965,2.72915685
683,E,88,63,344.484,0.03100356
684,E,89,54,100,0.009
685,E,89,62,60431.439,5.43882951
686,E,89,63,38124.077,3.43116693
687,E,90,58,500,0.045
688,E,90,60,28280.8915,2.545280235
689,E,91,58,26231.53294,2.360837964
690,E,91,59,106770.9884,9.609388958
691,E,91,60,166436.7735,14.97930961
692,E,91,61,254329.7325,22.88967593
693,E,92,57,264.9005,0.023841045
694,E,92,58,58026.13044,5.222351739
695,E,92,59,33750.6957,3.037562613
696,E,92,60,115039.118,10.35352062
697,E,92,61,129592.051,11.66328459
698,E,93,56,14365.37883,1.292884094
699,E,93,57,52791.47085,4.751232377
700,E,93,60,111557.92,10.0402128
701,E,93,61,362719.2655,32.6447339
702,E,93,62,24800,2.232
703,E,94,56,320909.498,28.88185482
704,E,94,57,709687.2702,63.87185432
705,E,94,58,161060.3038,14.49542735
706,E,94,59,99042.392,8.91381528
707,E,94,60,49247.492,4.43227428
708,E,95,56,493757.783,44.43820047
709,E,95,57,928753.6948,83.58783253
710,E,95,58,511026.3183,45.99236865
711,E,95,59,24766.0471,2.228944239
712,E,96,55,10119.485,0.91075365
713,E,96,56,489205.313,44.02847817
714,E,96,57,789105.0015,71.01945013
715,E,96,58,159421.0779,14.34789701
716,E,96,59,7207.336202,0.648660258
717,E,97,55,303936.1361,27.35425225
718,E,97,56,919466.3639,82.75197276
719,E,97,57,681783.7188,61.3605347
720,E,97,58,44.4615,0.004001535
721,E,98,51,2700,0.243
722,E,98,53,46568.592,4.19117328
723,E,98,55,233452.0166,21.01068149
724,E,98,56,537108.803,48.33979227
725,E,98,57,64373.76263,5.793638637
726,E,99,50,19769.594,1.77926346
727,E,99,51,52630.406,4.73673654
728,E,99,52,6802.04,0.6121836
729,E,99,53,254229.368,22.88064312
730,E,99,55,8900,0.801
731,E,99,56,13568.875,1.22119875
